custom/total_distance,custom/avg_center_dev,custom/avg_speed,custom/mean_reward,custom/routes_completed,custom/total_reward,rollout/ep_rew_mean,time/time_elapsed,rollout/ep_len_mean,time/total_timesteps,time/iterations,time/fps,train/value_loss,train/learning_rate,train/entropy_loss,train/clip_range,train/std,train/approx_kl,train/n_updates,train/policy_gradient_loss,train/explained_variance,train/loss,train/clip_fraction
10.253359752940014,0.9609503678824546,8.376629406245389,0.01959849820871943,0.1111111111111111,1.3130993799842017,,,,,,,,,,,,,,,,,
13.057956381700933,0.7008661806349527,10.865249255735476,0.1076543895232584,0.0429042904290429,7.105189708535054,,,,,,,,,,,,,,,,,
13.15225923480466,0.724975501208478,9.576587720021534,0.048167425523993807,0.09722222222222222,3.6125569142995353,,,,,,,,,,,,,,,,,
17.692631725454703,0.9734078862897599,11.91849886507041,0.13723297580536892,0.11392405063291139,11.115871040234882,,,,,,,,,,,,,,,,,
14.32340893172659,0.684479293938163,7.731577927921957,0.10416961671027404,0.16470588235294117,10.521131287737678,,,,,,,,,,,,,,,,,
9.689769229153171,0.7817314577590334,6.733827954341789,-0.03309064577832422,0.09433962264150944,-2.6141610164876132,,,,,,,,,,,,,,,,,
14.615174263482913,0.9512246662116371,10.251141098235506,0.07454829353739698,0.032119914346895075,5.814766895916964,,,,,,,,,,,,,,,,,
13.236071841558442,0.8689951955802105,8.09936412671909,0.03944775084818371,0.0962962962962963,3.51084982548835,,,,,,,,,,,,,,,,,
14.53886544983834,0.6579339071953396,7.418639101557611,0.11262433503299618,0.04046242774566474,12.050803848530592,,,,,,,,,,,,,,,,,
10.963602657662705,0.6111188292898725,7.940354246362417,0.06557544570488613,0.01968503937007874,4.983733873571346,,,,,,,,,,,,,,,,,
11.888538419967517,0.6909856051831864,8.125957524621,0.06364261185832813,0.10576923076923077,5.091408948666251,,,,,,,,,,,,,,,,,
12.361461205407977,0.6762686538623301,8.159264946817961,0.04470484821707855,0.04477611940298507,3.7105024020175197,,,,,,,,,,,,,,,,,
,,,,,,5.496985666666666,32,80.83333333333333,1024,1,31,,,,,,,,,,,
14.305747433798388,0.7713972768773132,8.695350865931506,0.02206822079414804,0.027237354085603113,1.9861398714733234,,,,,,,4.593012343347072,9.897964281856e-05,-2.844713640213013,0.2,1.007287621498108,0.0078094546,10,-0.010969575816125144,-0.1273350715637207,0.7057714462280273,0.05859375
8.894400215824135,0.3846902086210038,8.067435305829,0.08224305099115507,0.07627118644067797,4.934583059469304,,,,,,,,,,,,,,,,,
34.911309277871624,0.9146209487641848,12.247351648028488,0.08025792861860444,0.0691699604743083,12.439978935883687,,,,,,,,,,,,,,,,,
25.86519812559709,0.8731064913247508,11.087228832033494,0.1011205549019038,0.14594594594594595,12.842310472541783,,,,,,,,,,,,,,,,,
7.095405159168877,0.34620059513736934,6.096503277173086,0.054609356056371156,0.01935483870967742,3.4403894315513828,,,,,,,,,,,,,,,,,
15.910308101214468,0.6888329777636318,9.850548785494707,0.09795314422152955,0.0326530612244898,8.6198766914946,,,,,,,,,,,,,,,,,
33.14530896570068,0.8200280203828103,13.96747825965638,0.11443269030757328,0.09917355371900827,14.761817049676953,,,,,,,,,,,,,,,,,
32.09866606420837,0.418978757010162,12.356624174874959,0.305945196802702,0.07424593967517401,43.138272749180985,,,,,,,,,,,,,,,,,
15.036609979113564,0.792767436066865,9.3257244461482,0.08886621191867228,0.09433962264150944,7.82022664884316,,,,,,,,,,,,,,,,,
16.035263838944957,1.0035856001658225,10.984453161385291,0.035538786432621185,0.02711323763955343,2.8431029146096947,,,,,,,,,,,,,,,,,
,,,,,,8.11381531818182,64,90.04545454545455,2048,2,31,,,,,,,,,,,
34.0890282378532,0.6817211872688945,14.152362510853015,0.2742462569838586,0.05527638190954774,35.92625966488548,,,,,,,4.912418948113919,9.796452327424e-05,-2.8546572804450987,0.2,1.0095171928405762,0.008556118,20,-0.014363631448941306,0.6806539595127106,0.855150580406189,0.08544921875
14.056077917921357,0.80062896848168,11.49840792608309,0.06832475875872321,0.025510204081632654,4.577758836834455,,,,,,,,,,,,,,,,,
57.32226025662385,0.7035992033874944,15.12752704802704,0.17925166491024613,0.17665615141955837,36.925842971510704,,,,,,,,,,,,,,,,,
39.388042943552136,0.638330348375311,13.062629643790977,0.169300171525866,0.29133858267716534,27.765228130242022,,,,,,,,,,,,,,,,,
12.768980871653184,0.5499354992040922,8.977741447487206,0.10726500546602807,0.0670391061452514,8.36667042635019,,,,,,,,,,,,,,,,,
57.39536165841855,0.532141993536535,15.745148423322282,0.320166594575461,0.09424083769633508,63.39298572594127,,,,,,,,,,,,,,,,,
32.80899304582272,0.8375674818153535,12.48955877659577,0.08565517327475726,0.10666666666666667,12.248689778290288,,,,,,,,,,,,,,,,,
,,,,,,12.673358517241379,95,102.10344827586206,3072,3,32,,,,,,,,,,,
42.82063786033541,0.7115464837649877,13.25972547831939,0.1723418927791144,0.04964539007092199,30.15983123634502,,,,,,,8.258295500278473,9.695464136704e-05,-2.860943320393562,0.2,1.0137007236480713,0.0106264185,30,-0.018782265338813886,0.7143029868602753,1.3298044204711914,0.12294921875
59.933397444779985,1.2043441523194542,15.355016594854458,0.047084071379680736,0.5619047619047619,9.981823132492316,,,,,,,,,,,,,,,,,
164.5189629427623,0.81094697630093,15.371562578507161,0.19337530509197742,0.34663865546218486,112.35105225843888,,,,,,,,,,,,,,,,,
,,,,,,16.2472916875,123,122.6875,4096,4,33,,,,,,,,,,,
193.8294212082401,0.7075263333188498,17.475122798629975,0.2711019835868003,0.5946745562130178,163.2033941192538,,,,,,,10.145784857869149,9.594999709696e-05,-2.8649630412459373,0.2,1.012955904006958,0.008229398,40,-0.01997039628913626,0.566646009683609,3.362414598464966,0.124609375
20.892505777766928,0.9292193613797899,12.521212951448526,0.19784301167289614,0.1065989847715736,18.00371406223355,,,,,,,,,,,,,,,,,
132.25243686628528,0.8773187533860958,16.916060185706655,0.1896872559727149,0.26899383983572894,80.42739653243112,,,,,,,,,,,,,,,,,
,,,,,,22.32787371428571,154,144.0,5120,5,33,,,,,,,,,,,
140.776423368603,0.4804841676357569,15.993509759753888,0.3719669592114857,0.958904109589041,177.42823954387868,,,,,,,5.32790784612298,9.495059046400002e-05,-2.8661710053682325,0.2,1.0163905620574951,0.005372528,50,-0.015857693296857177,0.5245446562767029,1.0435038805007935,0.06923828125
96.08901431993581,0.6898420755194928,15.12396920387167,0.27681321509523615,0.5611111111111111,95.50055920785647,,,,,,,,,,,,,,,,,
,,,,,,28.496438216216212,182,158.3783783783784,6144,6,33,,,,,,,,,,,
130.15000437386334,0.8896464496842059,15.961590035570106,0.2014270847888398,0.9922480620155039,89.23219856145603,,,,,,,6.294768694043159,9.395642146816001e-05,-2.871520255506039,0.2,1.017717957496643,0.005898717,60,-0.014874315209453925,0.7847843170166016,1.6000993251800537,0.0666015625
192.55417255708016,0.8411590891071705,16.70845616918958,0.21934565753705376,0.9747474747474747,137.31038161819566,,,,,,,,,,,,,,,,,
,,,,,,32.842939205128204,210,177.6153846153846,7168,7,34,,,,,,,,,,,
,,,,,,32.842939205128204,239,177.6153846153846,8192,8,34,8.085601270198822,9.296749010944002e-05,-2.875335170328617,0.2,1.0202914476394653,0.008502904,70,-0.012326778494752944,0.713588684797287,2.2788286209106445,0.072265625
,,,,,,32.842939205128204,267,177.6153846153846,9216,9,34,7.773086768388748,9.198379638784001e-05,-2.8775696858763693,0.2,1.0199618339538574,0.0066217817,80,-0.011792102109757252,0.5726945996284485,1.8323893547058105,0.06962890625
,,,,,,32.842939205128204,296,177.6153846153846,10240,10,34,9.036153927445412,9.100534030336e-05,-2.8798807203769683,0.2,1.0227738618850708,0.010078191,90,-0.014395265158964322,0.5352374911308289,2.931257486343384,0.0763671875
1447.5073594130808,0.607036640454048,16.005744024369466,0.3098102183325187,4.618042226487524,1075.9708882688374,,,,,,,4.755726985633373,9.0032121856e-05,-2.884329955279827,0.2,1.0243034362792969,0.006460147,100,-0.014441621364676393,0.5619441866874695,0.9627768993377686,0.07236328125
281.88837062055245,0.48321022595476054,15.480084983500937,0.3837958335204625,1.194331983805668,197.65485426303817,,,,,,,,,,,,,,,,,
71.80109416984487,0.6231230791593384,17.12650030696541,0.32959788481030616,0.25,75.1483177367498,,,,,,,,,,,,,,,,,
,,,,,,62.60895288095238,326,265.23809523809524,11264,11,34,,,,,,,,,,,
,,,,,,62.60895288095238,353,265.23809523809524,12288,12,34,19.653972083330153,8.906414104575999e-05,-2.8872598886489866,0.2,1.0261216163635254,0.005918989,110,-0.013923653558595105,0.3656759262084961,6.5345587730407715,0.07421875
641.2938706669956,0.6176899474994509,16.85076328345428,0.3842345506080415,0.9830246913580247,793.4443470056058,,,,,,,7.623312294483185,8.810139787264e-05,-2.890262043476105,0.2,1.0275999307632446,0.0042964383,120,-0.009791976129054091,0.43094950914382935,1.4111993312835693,0.07958984375
,,,,,,79.60430009302326,381,307.06976744186045,13312,13,34,,,,,,,,,,,
143.09991779876873,0.5200555296667273,16.479026204035836,0.3743200070162921,0.29651162790697677,176.67904331168987,,,,,,,6.192296096682549,8.714389233664002e-05,-2.89208272844553,0.2,1.0280450582504272,0.009497778,130,-0.01786164484874462,0.7149660289287567,1.4761381149291992,0.102734375
,,,,,,81.81054425,410,310.79545454545456,14336,14,34,,,,,,,,,,,
264.0366159384139,0.5986014586931115,17.647000543741612,0.3898090813494807,0.75,316.52497405577833,,,,,,,13.239472584426403,8.619162443776002e-05,-2.8951067611575128,0.2,1.0306546688079834,0.006984219,140,-0.01285529971937649,0.5435629487037659,2.107797861099243,0.083203125
,,,,,,87.02563908888888,439,321.9111111111111,15360,15,34,,,,,,,,,,,
524.462680261815,0.5367675290384039,17.340807262327214,0.3619963052649404,1.452290076335878,471.6811857602174,,,,,,,17.174233400821684,8.5244594176e-05,-2.8987116381525992,0.2,1.0316596031188965,0.004026679,150,-0.013481101572688203,0.22761201858520508,7.662096977233887,0.0384765625
,,,,,,95.38771619565216,467,343.2173913043478,16384,16,35,,,,,,,,,,,
299.805926135974,0.5964129877439652,17.3494395792,0.39611851185413216,0.9555555555555556,371.559164119176,,,,,,,18.010087206959724,8.430280155136e-05,-2.901430384814739,0.2,1.0340683460235596,0.008921293,160,-0.015421797655289993,0.4719797968864441,12.881653785705566,0.0833984375
129.57656430639327,0.48508253981145727,19.807509561360853,0.4173166966871245,0.9925373134328358,148.56474402061633,,,,,,,,,,,,,,,,,
,,,,,,102.24838931249998,496,355.8333333333333,17408,17,35,,,,,,,,,,,
,,,,,,102.24838931249998,521,355.8333333333333,18432,18,35,13.571344682574273,8.336624656384e-05,-2.9053686052560805,0.2,1.0354340076446533,0.0062118717,170,-0.016074541700072588,0.41227877140045166,5.6719136238098145,0.04873046875
,,,,,,102.24838931249998,550,355.8333333333333,19456,19,35,8.24725532978773,8.243492921344e-05,-2.9056594893336296,0.2,1.0339980125427246,0.006655854,180,-0.013732055391301401,0.5856583416461945,2.9356167316436768,0.069140625
1171.44105387968,0.49418699862032633,19.245698162572815,0.43907427043927555,1.9921259842519685,1218.8701747394289,,,,,,,4.5201888956129554,8.150884950016e-05,-2.9048760339617727,0.2,1.034996509552002,0.0077931094,190,-0.01623039895494003,0.6654134094715118,1.397611141204834,0.11455078125
,,,,,,125.03658902040814,578,405.2040816326531,20480,20,35,,,,,,,,,,,
434.4117459313711,0.5435615865314124,20.25206572800424,0.3722269326071983,0.9977973568281938,434.0166034199932,,,,,,,10.917552188038826,8.0588007424e-05,-2.9056485459208488,0.2,1.035079002380371,0.006534624,200,-0.01251155359495897,0.4952583909034729,2.755474328994751,0.09697265625
,,,,,,131.2161893,607,420.4,21504,21,35,,,,,,,,,,,
,,,,,,131.2161893,636,420.4,22528,22,35,11.459140911698341,7.967240298496e-05,-2.9071615815162657,0.2,1.0362975597381592,0.0062510194,210,-0.013775735534727574,0.7823611199855804,1.7341749668121338,0.06083984375
,,,,,,131.2161893,664,420.4,23552,23,35,11.784798590838909,7.876203618304e-05,-2.9102599039673804,0.2,1.0379440784454346,0.005825863,220,-0.014465716574341059,0.3126746416091919,1.7297788858413696,0.07431640625
1494.1456348046777,0.5524417593365789,18.9911796883225,0.4236085110020457,3.430769230769231,1177.631660585687,,,,,,,7.021192756295204,7.785690701824001e-05,-2.9125254154205322,0.2,1.0393184423446655,0.0073415376,230,-0.015468043327564374,0.7677722573280334,1.8916363716125488,0.06513671875
,,,,,,151.7341397254902,692,466.6470588235294,24576,24,35,,,,,,,,,,,
,,,,,,151.7341397254902,721,466.6470588235294,25600,25,35,19.236491540074347,7.695701549056001e-05,-2.9160890609025953,0.2,1.041170358657837,0.0037910435,240,-0.012001295157824643,0.31914228200912476,4.715490341186523,0.05478515625
,,,,,,151.7341397254902,748,466.6470588235294,26624,26,35,6.2768637359142305,7.606236160000002e-05,-2.9184237718582153,0.2,1.0424506664276123,0.015755063,250,-0.013607630840851925,0.6589113771915436,1.6140973567962646,0.07822265625
1685.7726542389719,0.4597484190190486,18.748630094840454,0.4953430065175332,4.056603773584905,1715.868174576735,,,,,,,5.395676939934492,7.517294534656e-05,-2.9224074676632883,0.2,1.04555082321167,0.011398374,260,-0.013774912443477661,0.7339659929275513,1.1301639080047607,0.09873046875
,,,,,,181.81296490384617,776,524.2692307692307,27648,27,35,,,,,,,,,,,
,,,,,,181.81296490384617,803,524.2692307692307,28672,28,35,12.70761317461729,7.428876673024e-05,-2.9274483248591423,0.2,1.047497034072876,0.0058595827,270,-0.01589869238960091,0.5985309183597565,2.8252780437469482,0.0419921875
792.8720590905286,0.5251476097208275,18.636745787721683,0.4664671280575792,1.6213389121338913,996.8402526590467,,,,,,,5.5364994764328,7.340982575104002e-05,-2.932198220491409,0.2,1.0503711700439453,0.0151636675,280,-0.016079581927624532,0.7272413969039917,1.2888965606689453,0.0892578125
,,,,,,197.19083826415095,832,554.6792452830189,29696,29,35,,,,,,,,,,,
328.7111042193137,0.5855605566897993,18.636209427938596,0.4399162180780335,0.9940119760479041,421.43973691875607,,,,,,,19.96038043498993,7.253612240896001e-05,-2.935901586711407,0.2,1.051029920578003,0.009995177,290,-0.015510801906930282,0.584466964006424,11.832056999206543,0.09541015625
,,,,,,201.34292462962964,859,562.1296296296297,30720,30,35,,,,,,,,,,,
,,,,,,201.34292462962964,887,562.1296296296297,31744,31,35,11.752074322104454,7.166765670400001e-05,-2.9364955365657806,0.2,1.0512827634811401,0.009199973,300,-0.02237895236175973,0.6598811745643616,2.7837941646575928,0.09208984375
704.1675144202309,0.5280489379145255,18.91754240430819,0.4748001737378956,1.4523281596452329,860.8127149868047,,,,,,,7.653174960613251,7.080442863616002e-05,-2.9372990518808364,0.2,1.0517358779907227,0.0148558915,310,-0.016947665839688854,0.7822710275650024,2.2635514736175537,0.10322265625
,,,,,,213.33262918181816,916,584.8545454545455,32768,32,35,,,,,,,,,,,
601.4105785014108,0.4984808959269217,19.9611142592163,0.4777172631557731,1.991404011461318,726.1302399967751,,,,,,,14.585563442111015,6.994643820544e-05,-2.9381236717104913,0.2,1.0520960092544556,0.0053510666,320,-0.01594137469655834,0.7451732158660889,2.204293966293335,0.08388671875
,,,,,,222.489729375,943,601.5357142857143,33792,33,35,,,,,,,,,,,
179.90387213719077,0.550698261034038,19.746753742834596,0.425392764160586,1.0,210.56941825949008,,,,,,,20.036909699440002,6.909368541184001e-05,-2.9392349764704706,0.2,1.0534181594848633,0.0076034022,330,-0.011694496033305768,0.6017043590545654,6.374348163604736,0.0513671875
,,,,,,222.27996663157893,971,599.6491228070175,34816,34,35,,,,,,,,,,,
,,,,,,222.27996663157893,1000,599.6491228070175,35840,35,35,12.068207505345345,6.824617025536e-05,-2.9407164603471756,0.2,1.052809238433838,0.006344998,340,-0.012255770977935754,0.776985839009285,5.221678733825684,0.05849609375
,,,,,,222.27996663157893,1026,599.6491228070175,36864,36,35,9.9397442817688,6.7403892736e-05,-2.9400605648756026,0.2,1.0531175136566162,0.0046227863,350,-0.01289770656148903,0.6791740357875824,2.3937623500823975,0.05693359375
1526.5280644601444,0.5150818417909652,19.291080921826264,0.4698440397269393,2.9845559845559846,1660.4288363950034,,,,,,,5.29844030290842,6.656685285376e-05,-2.9442424833774568,0.2,1.0574214458465576,0.011739526,360,-0.02347940840118099,0.829746887087822,2.198810577392578,0.16123046875
,,,,,,247.07563679310343,1054,650.2241379310345,37888,37,35,,,,,,,,,,,
,,,,,,247.07563679310343,1080,650.2241379310345,38912,38,36,14.786224713921547,6.573505060864e-05,-2.950508323311806,0.2,1.0596401691436768,0.011752758,370,-0.018813210565713234,0.6375761032104492,4.776142120361328,0.094921875
,,,,,,247.07563679310343,1107,650.2241379310345,39936,39,36,10.770390214025975,6.490848600064e-05,-2.9547159746289253,0.2,1.06235933303833,0.0078997705,380,-0.01616779197793221,0.44812071323394775,3.8867814540863037,0.06484375
,,,,,,247.07563679310343,1134,650.2241379310345,40960,40,36,3.886388845741749,6.408715902976002e-05,-2.959189711511135,0.2,1.0634832382202148,0.01920754,390,-0.01846527229936328,0.606774091720581,1.0445530414581299,0.11103515625
2073.419693777105,0.45627432292674897,19.842473826427245,0.5290384639145764,4.31350114416476,2248.41347163695,,,,,,,5.682707937061787,6.327106969600001e-05,-2.960234026610851,0.2,1.0640817880630493,0.013873119,400,-0.021825595281552524,0.6004739999771118,1.6598706245422363,0.12529296875
,,,,,,280.9960062372881,1162,711.2203389830509,41984,41,36,,,,,,,,,,,
178.17995991697535,0.3675467553667756,19.926463708927333,0.5693518786251782,0.3668639053254438,276.13566113321144,,,,,,,12.323661740124226,6.246021799936001e-05,-2.9629760533571243,0.2,1.066459059715271,0.010967689,410,-0.01093973196693696,0.4802985191345215,1.4848754405975342,0.10322265625
94.6146684755804,0.850515544088617,18.005572031758494,0.23629654582439202,0.9894736842105263,67.58081210577612,,,,,,,,,,,,,,,,,
93.70479965023696,0.6671696018558437,19.381853001669946,0.3465424772352121,0.35424354243542433,91.14067151286078,,,,,,,,,,,,,,,,,
,,,,,,274.4126164032258,1191,693.4354838709677,43008,42,36,,,,,,,,,,,
522.3031812733971,0.42693555737749145,19.705848957371753,0.5300060179463663,1.3045112781954886,485.48551243887147,,,,,,,26.563395401835443,6.165460393984001e-05,-2.9668407261371614,0.2,1.0681259632110596,0.0040940866,420,-0.011094516748562456,0.7026343941688538,8.691146850585938,0.05185546875
,,,,,,277.7623782380952,1218,696.952380952381,44032,43,36,,,,,,,,,,,
,,,,,,277.7623782380952,1246,696.952380952381,45056,44,36,22.10412648320198,6.0854227517440005e-05,-2.9695619314908983,0.2,1.069001317024231,0.0027190123,430,-0.010111855040304363,0.7163940072059631,6.876882553100586,0.022265625
622.9352917150827,0.41251409847178105,19.89458217710521,0.567910076558867,1.992063492063492,885.3718093552737,,,,,,,14.601965057849885,6.005908873216e-05,-2.9723033607006073,0.2,1.071093201637268,0.011028353,440,-0.014476498296426143,0.38527870178222656,3.9321913719177246,0.0759765625
,,,,,,287.255709328125,1274,710.40625,46080,45,36,,,,,,,,,,,
424.5002734338632,0.5154041224543701,19.011648266824604,0.4814448545357417,1.1042944785276074,481.4448545357417,,,,,,,12.325309294462205,5.926918758400001e-05,-2.9756543695926667,0.2,1.072948932647705,0.00922097,450,-0.013099309787503444,0.6254200041294098,2.5325119495391846,0.0900390625
,,,,,,290.2432346461539,1302,714.8461538461538,47104,46,36,,,,,,,,,,,
,,,,,,290.2432346461539,1330,714.8461538461538,48128,47,36,16.474267664551736,5.848452407296002e-05,-2.977825292944908,0.2,1.072844386100769,0.0071574366,460,-0.016426108189625664,0.6894471347332001,3.993943452835083,0.05771484375
,,,,,,290.2432346461539,1358,714.8461538461538,49152,48,36,10.030449756979943,5.7705098199040015e-05,-2.9778492361307145,0.2,1.0737013816833496,0.0112441275,470,-0.015763650726876223,0.6630628407001495,2.9862027168273926,0.11455078125
1341.013774999883,0.4782215125014135,19.18965104633003,0.504072975420499,3.827893175074184,1410.9002582019766,,,,,,,9.904808524250985,5.6930909962240004e-05,-2.9796425864100455,0.2,1.0748014450073242,0.008040516,480,-0.016425056624575517,0.7222529053688049,2.7219016551971436,0.08603515625
36.88264077808708,0.424757886670385,16.8164672471245,0.31477155139907365,0.11142061281337047,37.77258616788884,,,,,,,,,,,,,,,,,
,,,,,,303.200149477612,1386,737.044776119403,50176,49,36,,,,,,,,,,,
,,,,,,303.200149477612,1413,737.044776119403,51200,50,36,21.37897560894489,5.616195936256001e-05,-2.983010542392731,0.2,1.0772467851638794,0.00520028,490,-0.010403829788265284,0.5879988968372345,3.3590331077575684,0.05732421875
,,,,,,303.200149477612,1442,737.044776119403,52224,51,36,10.608435681462288,5.539824640000001e-05,-2.9864075869321822,0.2,1.0778043270111084,0.007723384,500,-0.014604665874503552,0.650285005569458,2.0073018074035645,0.07939453125
,,,,,,303.200149477612,1470,737.044776119403,53248,52,36,4.242639358341694,5.463977107455999e-05,-2.992094464600086,0.2,1.0838571786880493,0.012638955,510,-0.019645222771214322,0.8864448517560959,1.6420814990997314,0.1193359375
,,,,,,303.200149477612,1499,737.044776119403,54272,53,36,7.287654568254948,5.3886533386239994e-05,-2.99915239661932,0.2,1.0854260921478271,0.009906467,520,-0.015454303118167445,0.8526656180620193,1.666176676750183,0.12041015625
2235.1413048898103,0.4367505864428873,18.806817210376206,0.5404449072124891,4.958904109589041,2682.768519402796,,,,,,,6.365174880623817,5.3138533335039996e-05,-3.0036978527903555,0.2,1.089165449142456,0.00976328,530,-0.0176460771181155,0.8346333354711533,2.1549875736236572,0.084375
110.89559066155925,0.3209647156354242,18.471253878182033,0.6015746024865885,0.6686390532544378,196.11332041062784,,,,,,,,,,,,,,,,,
104.75952834670898,0.4066121051957594,17.48938435388906,0.48252094053303013,0.9545454545454546,156.8193056732348,,,,,,,,,,,,,,,,,
,,,,,,333.5714523142858,1528,785.6285714285714,55296,54,36,,,,,,,,,,,
,,,,,,333.5714523142858,1556,785.6285714285714,56320,55,36,39.35693831443787,5.239577092096e-05,-3.008459857106209,0.2,1.0904526710510254,0.007418766,540,-0.012403187069867271,0.47266584634780884,8.01578140258789,0.05380859375
,,,,,,333.5714523142858,1582,785.6285714285714,57344,56,36,8.397341062128543,5.165824614399999e-05,-3.01188136190176,0.2,1.0928187370300293,0.009860577,550,-0.019814400290488265,0.8393494635820389,3.5001182556152344,0.1150390625
1280.7469629112165,0.45581288644593193,18.67607320085634,0.4962251217284992,3.6096385542168674,1321.9437242847218,,,,,,,5.428999727964401,5.0925959004160004e-05,-3.016446676850319,0.2,1.0957634449005127,0.00707497,560,-0.016951314292964526,0.8854564651846886,1.2757889032363892,0.08935546875
,,,,,,347.49218853521137,1609,812.0704225352113,58368,57,36,,,,,,,,,,,
,,,,,,347.49218853521137,1636,812.0704225352113,59392,58,36,13.214312033355236,5.0198909501440004e-05,-3.0210361614823342,0.2,1.097657561302185,0.007731138,570,-0.015294751088367775,0.7542159855365753,7.235293388366699,0.06162109375
,,,,,,347.49218853521137,1665,812.0704225352113,60416,59,36,6.655260151624679,4.947709763584e-05,-3.023580215871334,0.2,1.0983331203460693,0.006718741,580,-0.016101910796714948,0.8034431785345078,1.9927157163619995,0.07314453125
,,,,,,347.49218853521137,1692,812.0704225352113,61440,60,36,6.426271238923073,4.876052340736e-05,-3.023857942223549,0.2,1.0976741313934326,0.009904687,590,-0.01589819492364768,0.743054986000061,2.430412769317627,0.09072265625
,,,,,,347.49218853521137,1719,812.0704225352113,62464,61,36,4.782468862831593,4.804918681600002e-05,-3.025384946167469,0.2,1.1007845401763916,0.014309001,600,-0.017605998797807842,0.7927624881267548,1.2244324684143066,0.12998046875
3000.0727032682626,0.3906905460434616,19.381552469271917,0.5688529694843355,6.475763016157989,3235.6356904269005,,,,,,,5.336981685459614,4.734308786176002e-05,-3.0306745558977126,0.2,1.1031315326690674,0.010299711,610,-0.021587510328390635,0.698301374912262,2.1605703830718994,0.122265625
,,,,,,387.60529272222215,1747,879.7777777777778,63488,62,36,,,,,,,,,,,
573.0551732990425,0.3549374680897631,20.180457901963607,0.6077985145867658,1.963302752293578,610.2297086451129,,,,,,,15.87287395298481,4.664222654464001e-05,-3.0340325385332108,0.2,1.1044994592666626,0.007150729,620,-0.011615325431921519,0.5729520916938782,15.569927215576172,0.0828125
,,,,,,390.6544541643835,1777,881.4657534246576,64512,63,36,,,,,,,,,,,
,,,,,,390.6544541643835,1804,881.4657534246576,65536,64,36,32.86630969047546,4.594660286464001e-05,-3.036759243905544,0.2,1.1061716079711914,0.006034712,630,-0.013786981994053349,0.1362898349761963,5.366042613983154,0.0435546875
,,,,,,390.6544541643835,1831,881.4657534246576,66560,65,36,6.336190931499004,4.525621682176001e-05,-3.0400250777602196,0.2,1.107957363128662,0.006671489,640,-0.014089681708719581,0.641550749540329,1.6358743906021118,0.05791015625
,,,,,,390.6544541643835,1860,881.4657534246576,67584,66,36,6.478573799133301,4.457106841600001e-05,-3.0412509754300117,0.2,1.10752272605896,0.007902624,650,-0.017380455492821058,0.7841487973928452,2.505247116088867,0.07333984375
,,,,,,390.6544541643835,1887,881.4657534246576,68608,67,36,9.621925395727157,4.389115764736001e-05,-3.0415150046348574,0.2,1.108384370803833,0.0043274844,660,-0.015012407390167936,0.6654797494411469,3.1364598274230957,0.06376953125
,,,,,,390.6544541643835,1914,881.4657534246576,69632,68,36,4.7268492236733435,4.321648451584e-05,-3.0444527715444565,0.2,1.1111345291137695,0.018885944,670,-0.021814951911801474,0.7823777943849564,1.140189528465271,0.11357421875
2522.779451529146,0.3783762859268386,20.269582045629456,0.5819031146606891,5.784153005464481,3166.1348468688097,,,,,,,5.048155631124973,4.254704902144e-05,-3.0488451033830644,0.2,1.1130197048187256,0.010105579,680,-0.01924647432460915,0.8360300660133362,1.2729549407958984,0.09794921875
,,,,,,428.1604702297297,1942,943.0675675675676,70656,69,36,,,,,,,,,,,
,,,,,,428.1604702297297,1968,943.0675675675676,71680,70,36,21.99346617758274,4.188285116416e-05,-3.0516217395663263,0.2,1.114290714263916,0.006490648,690,-0.011721320645301602,0.562339186668396,8.825812339782715,0.04052734375
,,,,,,428.1604702297297,1995,943.0675675675676,72704,71,36,6.634772509336472,4.1223890943999994e-05,-3.055126053094864,0.2,1.116921305656433,0.018353332,700,-0.015814475089428015,0.8330089300870895,1.8151143789291382,0.15390625
1462.247001458658,0.35427702239754594,20.058862292164658,0.6044779643974121,2.9833333333333334,1888.9936387419127,,,,,,,7.367941646277904,4.057016836096e-05,-3.059035637974739,0.2,1.1183332204818726,0.009387632,710,-0.015257286390988157,0.7880163043737411,1.7624510526657104,0.0849609375
31.35672242869623,0.43731431065955434,19.72789910787307,0.41807342673411435,0.29245283018867924,36.37238812586795,,,,,,,,,,,,,,,,,
133.2690506769577,0.3070254320192798,19.824365185896212,0.6564921383477026,0.20722135007849293,239.61963049691144,,,,,,,,,,,,,,,,,
,,,,,,439.59465094805205,2025,952.7402597402597,73728,72,36,,,,,,,,,,,
464.78099319525063,0.3852316423588351,20.516495597352833,0.5471519335785475,1.366412213740458,547.6990855121261,,,,,,,68.00329215526581,3.992168341503999e-05,-3.0606684163212776,0.2,1.1188287734985352,0.0043007466,720,-0.012146906150155701,0.46743762493133545,22.254409790039062,0.0681640625
,,,,,,440.9806052435898,2052,953.3461538461538,74752,73,36,,,,,,,,,,,
,,,,,,440.9806052435898,2078,953.3461538461538,75776,74,36,26.7912651181221,3.927843610624001e-05,-3.0619204163551332,0.2,1.1199851036071777,0.005083562,730,-0.013316309871152043,0.6802010536193848,7.384550094604492,0.0615234375
1064.268674110761,0.36722893456224903,20.17374153203416,0.5935691773507115,2.9571428571428573,1298.7293600433568,,,,,,,11.353179648518562,3.864042643456001e-05,-3.0651379033923147,0.2,1.1224942207336426,0.005587508,740,-0.01583243915520143,0.693740725517273,4.504638195037842,0.05458984375
,,,,,,451.83772662025325,2106,968.9620253164557,76800,75,36,,,,,,,,,,,
,,,,,,451.83772662025325,2132,968.9620253164557,77824,76,36,28.670280224084856,3.8007654400000006e-05,-3.068818913400173,0.2,1.123799443244934,0.0042221947,750,-0.008192886246251873,0.643884539604187,5.07693338394165,0.0431640625
,,,,,,451.83772662025325,2159,968.9620253164557,78848,77,36,7.80658261179924,3.738012000256e-05,-3.070760925114155,0.2,1.1248588562011719,0.006064644,760,-0.014827277883887291,0.6437135934829712,1.4703896045684814,0.067578125
1382.634910302353,0.33679265135827235,20.06754531341679,0.6381100844921493,2.9938080495356036,1884.9771895898093,,,,,,,7.659213174879551,3.675782324224002e-05,-3.0717033237218856,0.2,1.125051498413086,0.00983814,770,-0.01887693195603788,0.7798834294080734,2.1991889476776123,0.06943359375
,,,,,,469.75196991249993,2186,993.7625,79872,78,36,,,,,,,,,,,
,,,,,,469.75196991249993,2213,993.7625,80896,79,36,30.043156537413598,3.614076411904001e-05,-3.072544352710247,0.2,1.1257143020629883,0.005532613,780,-0.00893751170951873,0.34457409381866455,9.12301254272461,0.078125
,,,,,,469.75196991249993,2239,993.7625,81920,80,36,5.289489422738552,3.552894263296001e-05,-3.0746367052197456,0.2,1.127173900604248,0.008727511,790,-0.015212338644778356,0.7450423538684845,1.119813323020935,0.07724609375
,,,,,,469.75196991249993,2267,993.7625,82944,81,36,5.79158141463995,3.4922358784e-05,-3.077197001874447,0.2,1.1287134885787964,0.010121541,800,-0.016624914086423814,0.7645842134952545,2.1716365814208984,0.09765625
,,,,,,469.75196991249993,2295,993.7625,83968,82,36,6.449019873142243,3.4321012572160014e-05,-3.0798512578010557,0.2,1.1300878524780273,0.008966535,810,-0.015711217653006315,0.7106946408748627,2.271253824234009,0.07734375
,,,,,,469.75196991249993,2323,993.7625,84992,83,36,8.359555205702781,3.372490399744e-05,-3.08164614289999,0.2,1.1308237314224243,0.007042798,820,-0.01615407372446498,0.6258102059364319,2.605360507965088,0.0794921875
2678.7451579079498,0.3798589027594169,20.506941640859317,0.5856072767315722,5.9981060606060606,3243.6787058161785,,,,,,,2.9113640882074834,3.3134033059840006e-05,-3.0832939401268957,0.2,1.13222074508667,0.013957782,830,-0.015147678772336803,0.6635853946208954,1.1820361614227295,0.1037109375
,,,,,,503.9975325061728,2350,1049.8641975308642,86016,84,36,,,,,,,,,,,
,,,,,,503.9975325061728,2377,1049.8641975308642,87040,85,36,33.443908444046976,3.254839975936e-05,-3.085393004119396,0.2,1.1333214044570923,0.0048806975,840,-0.009313209785614163,0.10769224166870117,10.35434627532959,0.0810546875
,,,,,,503.9975325061728,2404,1049.8641975308642,88064,86,36,8.429471404850483,3.1968004096e-05,-3.0860930368304254,0.2,1.132875680923462,0.0038039938,850,-0.010409754169813823,0.7162022292613983,1.8817896842956543,0.03330078125
1748.2981381069403,0.3486224706868647,21.188759842316635,0.6339079670287374,3.991701244813278,2255.4445466882476,,,,,,,5.670779487490654,3.1392846069759995e-05,-3.087577886879444,0.2,1.1352193355560303,0.0076795667,860,-0.0147065675992053,0.7875025123357773,1.7911434173583984,0.04482421875
,,,,,,525.3566424390243,2433,1080.439024390244,89088,87,36,,,,,,,,,,,
,,,,,,525.3566424390243,2461,1080.439024390244,90112,88,36,31.385448896884917,3.082292568064e-05,-3.090289218723774,0.2,1.135927438735962,0.0046731336,870,-0.011224377143662423,0.4649425148963928,3.200469970703125,0.0533203125
,,,,,,525.3566424390243,2488,1080.439024390244,91136,89,36,11.981535130739212,3.0258242928639994e-05,-3.0919039100408554,0.2,1.1369402408599854,0.0072902814,880,-0.010857593023683876,0.5848765671253204,4.123326301574707,0.05791015625
1589.91110784607,0.35891127705332077,21.74473008220373,0.6189133954955687,4.9855072463768115,2054.1735596497924,,,,,,,9.287533488869666,2.9698797813760005e-05,-3.091739746928215,0.2,1.1356664896011353,0.0064687585,890,-0.014525842131115496,0.7877484709024429,2.8883509635925293,0.07099609375
,,,,,,543.776123373494,2516,1107.3975903614457,92160,90,36,,,,,,,,,,,
,,,,,,543.776123373494,2544,1107.3975903614457,93184,91,36,26.341180142760276,2.9144590335999998e-05,-3.090985931456089,0.2,1.136401891708374,0.005638615,900,-0.009743460829486138,0.6299566030502319,6.046876430511475,0.039453125
,,,,,,543.776123373494,2571,1107.3975903614457,94208,92,36,6.738567465543747,2.8595620495359998e-05,-3.0933631479740145,0.2,1.1385776996612549,0.0048854332,910,-0.011043615156086161,0.6867091059684753,1.6989158391952515,0.05078125
,,,,,,543.776123373494,2599,1107.3975903614457,95232,93,36,5.532749962806702,2.8051888291840003e-05,-3.0962192967534063,0.2,1.1393442153930664,0.007024862,920,-0.017054967136937195,0.8729081600904465,2.7400057315826416,0.09462890625
,,,,,,543.776123373494,2628,1107.3975903614457,96256,94,36,7.32329621464014,2.7513393725440003e-05,-3.097240482270718,0.2,1.139911413192749,0.0060591837,930,-0.015990526275709273,0.5735549628734589,1.9690849781036377,0.074609375
,,,,,,543.776123373494,2654,1107.3975903614457,97280,95,36,3.9156859517097473,2.6980136796160004e-05,-3.098201163113117,0.2,1.1405515670776367,0.008861209,940,-0.01240287191758398,0.680577278137207,0.818065881729126,0.05576171875
3000.104939755751,0.35529990429867503,21.851840279564524,0.6223832326725518,6.002398081534772,3434.3106778871406,,,,,,,6.675042581558228,2.6452117504000006e-05,-3.098267339169979,0.2,1.1398096084594727,0.004210745,950,-0.011977600515820086,0.5240677297115326,1.4386355876922607,0.040625
,,,,,,578.1868284404762,2683,1159.892857142857,98304,96,36,,,,,,,,,,,
,,,,,,578.1868284404762,2709,1159.892857142857,99328,97,36,33.11320969462395,2.5929335848960006e-05,-3.098003038764,0.2,1.1405742168426514,0.0033017048,960,-0.008987984704435802,0.3708888292312622,14.032715797424316,0.01142578125
897.9587693666108,0.3526410957746766,21.957066634597712,0.6022272588216975,1.9916897506925206,1258.6549709373478,,,,,,,8.428068736195565,2.5411791831040005e-05,-3.099057176709175,0.2,1.1408047676086426,0.0052222013,970,-0.013798830783343874,0.581589549779892,4.3899970054626465,0.0412109375
,,,,,,586.1919202,2738,1170.8235294117646,100352,98,36,,,,,,,,,,,
,,,,,,586.1919202,2767,1170.8235294117646,101376,99,36,28.140244168043136,2.489948545024e-05,-3.099575698375702,0.2,1.1413421630859375,0.006753547,980,-0.007811578357359394,0.5615624189376831,5.6509175300598145,0.05791015625
1207.5165414819494,0.3635803107352712,20.90538809264632,0.6280746803029824,3.981549815498155,1354.757085413533,,,,,,,8.904757934808732,2.4392416706559998e-05,-3.1000184074044226,0.2,1.1410291194915771,0.0047315205,990,-0.012759296945296228,0.5546776652336121,3.178779363632202,0.03896484375
,,,,,,595.1283039069767,2795,1182.2790697674418,102400,100,36,,,,,,,,,,,
,,,,,,595.1283039069767,2821,1182.2790697674418,103424,101,36,25.98523456156254,2.38905856e-05,-3.0999788865447044,0.2,1.141759991645813,0.0041034073,1000,-0.008723541039216798,0.6053479909896851,5.07313346862793,0.03544921875
,,,,,,595.1283039069767,2848,1182.2790697674418,104448,102,36,4.478742732107639,2.339399213056e-05,-3.1008174821734427,0.2,1.1418180465698242,0.004587696,1010,-0.014206402582931332,0.8012607097625732,1.8451765775680542,0.07138671875
,,,,,,595.1283039069767,2874,1182.2790697674418,105472,103,36,6.451623357832432,2.2902636298239998e-05,-3.101226580142975,0.2,1.142399549484253,0.005117563,1020,-0.01086957179941237,0.7286204397678375,2.315239667892456,0.06005859375
2198.7590214936063,0.3244776362199151,20.16558523071902,0.673661427665801,3.9858757062146895,3165.5350486015986,,,,,,,6.267968963086605,2.2416518103039993e-05,-3.1034887418150903,0.2,1.1443774700164795,0.006774124,1030,-0.013030263801920228,0.6633303761482239,2.3135833740234375,0.0646484375
,,,,,,624.6728052758622,2901,1222.6896551724137,106496,104,36,,,,,,,,,,,
,,,,,,624.6728052758622,2929,1222.6896551724137,107520,105,36,31.073722366988658,2.1935637544960004e-05,-3.1057223334908484,0.2,1.1448779106140137,0.0063374937,1040,-0.009375800550333224,0.38504308462142944,7.631195068359375,0.04365234375
,,,,,,624.6728052758622,2957,1222.6896551724137,108544,106,36,4.254502078145743,2.1459994624000005e-05,-3.1063390597701073,0.2,1.1450955867767334,0.005313886,1050,-0.012476852448889986,0.6986161768436432,1.5906932353973389,0.0501953125
,,,,,,624.6728052758622,2983,1222.6896551724137,109568,107,36,8.480088260769843,2.098958934016e-05,-3.106749413907528,0.2,1.1454200744628906,0.0036400517,1060,-0.014895893432549202,0.6478991508483887,2.9100773334503174,0.0681640625
,,,,,,624.6728052758622,3011,1222.6896551724137,110592,108,36,7.685732561349869,2.0524421693440002e-05,-3.107752189040184,0.2,1.1462736129760742,0.0052507063,1070,-0.01125568174466025,0.6311406791210175,1.871336817741394,0.0443359375
,,,,,,624.6728052758622,3038,1222.6896551724137,111616,109,36,2.4701299175620077,2.006449168384e-05,-3.1082783162593843,0.2,1.1462595462799072,0.009676602,1080,-0.01745006685523549,0.412417471408844,0.8416553139686584,0.07978515625
3000.3621022875886,0.32142849877914903,20.19922288547902,0.6743999956040942,6.53515625,4148.908772956388,,,,,,,7.633344823122025,1.9609799311359998e-05,-3.1086701154708862,0.2,1.1468250751495361,0.006486268,1090,-0.015069078578380867,0.49007678031921387,4.102877140045166,0.05185546875
,,,,,,664.7209412727273,3065,1278.6931818181818,112640,110,36,,,,,,,,,,,
,,,,,,664.7209412727273,3098,1278.6931818181818,113664,111,36,29.304484507441522,1.9160344575999996e-05,-3.109498216211796,0.2,1.147139549255371,0.0018693114,1100,-0.00518095409788657,0.41753488779067993,36.60835266113281,0.0384765625
,,,,,,664.7209412727273,3134,1278.6931818181818,114688,112,36,5.720884557068348,1.8716127477759995e-05,-3.1100880980491636,0.2,1.147529125213623,0.006677545,1110,-0.01380612852226477,0.6814176440238953,2.5635111331939697,0.0494140625
,,,,,,664.7209412727273,3168,1278.6931818181818,115712,113,36,7.835663002729416,1.8277148016640002e-05,-3.1098365873098373,0.2,1.1469054222106934,0.005422746,1120,-0.01258269952959381,0.6106825172901154,3.75984525680542,0.04306640625
,,,,,,664.7209412727273,3203,1278.6931818181818,116736,114,36,4.0696680948138235,1.7843406192640004e-05,-3.109544165432453,0.2,1.1473324298858643,0.008507241,1130,-0.016599391301861034,0.5004015564918518,1.3396416902542114,0.0814453125
,,,,,,664.7209412727273,3237,1278.6931818181818,117760,115,36,6.680207979679108,1.741490200576e-05,-3.1103882804512977,0.2,1.1478430032730103,0.008029347,1140,-0.013281091480166651,0.6458439528942108,2.209351062774658,0.07236328125
2782.2022379901027,0.3427704753442216,21.489182544522322,0.6410082353366222,6.997063142437591,3451.8293472877103,,,,,,,4.000031772255897,1.6991635455999998e-05,-3.111482375860214,0.2,1.148781180381775,0.006382386,1150,-0.014639097824692726,0.722040981054306,1.6736646890640259,0.0560546875
75.26581235486083,0.3401014128599355,20.41132374514572,0.5646934236360254,0.299625468164794,113.5033781508411,,,,,,,,,,,,,,,,,
30.442602910101414,0.3623794888900543,18.310560886529025,0.44349103685368485,0.18867924528301888,40.35768435368532,,,,,,,,,,,,,,,,,
,,,,,,682.4296381868132,3266,1298.89010989011,118784,116,36,,,,,,,,,,,
297.14090223261155,0.3396485220225761,21.54660821543501,0.6212698869714753,0.8457142857142858,464.7098754546636,,,,,,,85.3443058848381,1.657360654336e-05,-3.1127117723226547,0.2,1.1490427255630493,0.0033444106,1160,-0.004665329126873985,0.3405541181564331,21.49259376525879,0.03642578125
,,,,,,680.0631190217392,3294,1292.891304347826,119808,117,36,,,,,,,,,,,
516.6680423188955,0.31082535276702344,20.958104539771824,0.7009921813035013,0.9906191369606003,936.5255542214777,,,,,,,19.787254828214646,1.6160815267839997e-05,-3.1128258123993873,0.2,1.1489818096160889,0.0014108585,1170,-0.008089336022385396,0.6424559652805328,3.2305874824523926,0.0111328125
,,,,,,682.8203924193549,3321,1293.3440860215053,120832,118,36,,,,,,,,,,,
462.8337295765523,0.3024843209383982,20.84355777328336,0.685297651738329,1.98744769874477,741.492059180872,,,,,,,49.68480695486069,1.575326162944e-05,-3.112988305091858,0.2,1.1491789817810059,0.002647126,1180,-0.005956752836937085,0.5730215013027191,11.5621337890625,0.00703125
,,,,,,683.4441760000001,3348,1291.0851063829787,121856,119,36,,,,,,,,,,,
,,,,,,683.4441760000001,3375,1291.0851063829787,122880,120,36,47.41830417513847,1.535094562816e-05,-3.113284967839718,0.2,1.1493425369262695,0.0036941238,1190,-0.006011782794666942,0.5813981890678406,6.8506598472595215,0.02607421875
,,,,,,683.4441760000001,3402,1291.0851063829787,123904,121,36,10.730341804027557,1.4953867264000006e-05,-3.113879309594631,0.2,1.1500132083892822,0.0048913164,1200,-0.007544015397434123,0.5778965651988983,1.8313698768615723,0.03583984375
,,,,,,683.4441760000001,3428,1291.0851063829787,124928,122,36,5.707650645077228,1.4562026536960003e-05,-3.114422559738159,0.2,1.149964451789856,0.0038763238,1210,-0.009494696598267183,0.8318794518709183,1.4802659749984741,0.0306640625
,,,,,,683.4441760000001,3454,1291.0851063829787,125952,123,36,9.017057766020297,1.4175423447040004e-05,-3.114523871243,0.2,1.1501762866973877,0.0036685357,1220,-0.012556045581004583,0.6925272643566132,2.0908055305480957,0.0787109375
,,,,,,683.4441760000001,3481,1291.0851063829787,126976,124,36,6.997070594131946,1.3794057994240002e-05,-3.1148416250944138,0.2,1.1504324674606323,0.0053468766,1230,-0.012122747622197495,0.6361331641674042,3.9345133304595947,0.0462890625
3000.211439097766,0.31544144277509883,20.356285521031303,0.6688163909990834,7.032921810699588,3816.935143431769,,,,,,,4.369917567074299,1.3417930178560005e-05,-3.115431083738804,0.2,1.1508972644805908,0.004830915,1240,-0.012777158137760125,0.6955409049987793,1.5192981958389282,0.05322265625
379.18590296967886,0.31062344246132123,19.962184723282896,0.6754523420703141,1.9714285714285715,474.8429964754308,,,,,,,,,,,,,,,,,
,,,,,,713.9114012291666,3508,1330.9375,128000,125,36,,,,,,,,,,,
,,,,,,713.9114012291666,3536,1330.9375,129024,126,36,79.8339115858078,1.304704e-05,-3.1162237167358398,0.2,1.1512266397476196,0.0033162409,1250,-0.009416406560922042,0.2032603621482849,30.734983444213867,0.01904296875
,,,,,,713.9114012291666,3563,1330.9375,130048,127,36,5.123094908893108,1.2681387458559997e-05,-3.1171657904982566,0.2,1.1520702838897705,0.005211278,1260,-0.011650708137312903,0.6088754832744598,2.4833295345306396,0.0513671875
,,,,,,713.9114012291666,3589,1330.9375,131072,128,36,3.4379603423178198,1.2320972554239996e-05,-3.118559166789055,0.2,1.1527814865112305,0.0056023574,1270,-0.015260389991453849,0.7396574914455414,0.7839295268058777,0.1021484375
,,,,,,713.9114012291666,3618,1330.9375,132096,129,36,4.701159559190273,1.1965795287039997e-05,-3.1195633500814437,0.2,1.1533029079437256,0.0031128249,1280,-0.007088254007976502,0.6913662552833557,1.7365171909332275,0.02421875
,,,,,,713.9114012291666,3645,1330.9375,133120,130,36,4.555384457111359,1.1615855656960004e-05,-3.12009674012661,0.2,1.1533775329589844,0.008621065,1290,-0.010742596662021242,0.544152021408081,0.8943194150924683,0.0650390625
3000.27077074314,0.3060155770219632,20.8836893749824,0.7121389211863357,5.782327586206897,4324.10752944343,,,,,,,4.878832140564919,1.1271153664000003e-05,-3.1204852506518366,0.2,1.1539225578308105,0.0062550744,1300,-0.015079103768221103,0.7147615849971771,1.5886057615280151,0.0693359375
,,,,,,751.1295410309277,3674,1379.8041237113403,134144,131,36,,,,,,,,,,,
,,,,,,751.1295410309277,3701,1379.8041237113403,135168,132,36,37.27241359651089,1.0931689308160002e-05,-3.121200978755951,0.2,1.1541002988815308,0.0044426336,1310,-0.003044019968365319,0.28958189487457275,15.66175365447998,0.02021484375
,,,,,,751.1295410309277,3728,1379.8041237113403,136192,133,36,5.200191039592028,1.0597462589440002e-05,-3.121224711835384,0.2,1.154008388519287,0.009163221,1320,-0.013223135398584418,0.8306030184030533,1.9382253885269165,0.0728515625
,,,,,,751.1295410309277,3754,1379.8041237113403,137216,134,36,2.8009679183363914,1.0268473507840002e-05,-3.121551829576492,0.2,1.1545507907867432,0.0054368814,1330,-0.013324091484537347,0.7557892203330994,0.9983425736427307,0.07744140625
,,,,,,751.1295410309277,3782,1379.8041237113403,138240,135,36,7.950034353137016,9.944722063360002e-06,-3.1228416308760645,0.2,1.155545949935913,0.0017968726,1340,-0.005866428416629788,0.6131160855293274,2.2222440242767334,0.01171875
,,,,,,751.1295410309277,3809,1379.8041237113403,139264,136,36,4.873576028645038,9.626208255999997e-06,-3.124112273752689,0.2,1.155994176864624,0.0050828233,1350,-0.013122184270469007,0.7449444532394409,1.0863186120986938,0.04384765625
3000.191706574522,0.3094602260328028,21.25968995552882,0.7092859707346312,5.54424040066778,4404.66587826206,,,,,,,5.237471152096987,9.312932085759997e-06,-3.124801267683506,0.2,1.1564143896102905,0.0031869458,1360,-0.008844892017077655,0.7850332111120224,4.410102844238281,0.015234375
,,,,,,788.4101629999999,3835,1429.0816326530612,140288,137,36,,,,,,,,,,,
,,,,,,788.4101629999999,3861,1429.0816326530612,141312,138,36,40.14736765772104,9.004893552640002e-06,-3.125290131568909,0.2,1.1566188335418701,0.0022543708,1370,-0.0021716901334002613,0.16743993759155273,2.6133363246917725,0.002734375
761.2540591773577,0.3162250737855021,20.984323704484417,0.6996886902379036,1.9945945945945946,1346.2010400177264,,,,,,,5.357887470722199,8.702092656640006e-06,-3.125632441043854,0.2,1.156852126121521,0.003828336,1380,-0.007844363930053078,0.753794714808464,2.325763702392578,0.0294921875
,,,,,,794.0440584949494,3889,1434.0707070707072,142336,139,36,,,,,,,,,,,
,,,,,,794.0440584949494,3914,1434.0707070707072,143360,140,36,45.68848153650761,8.404529397760002e-06,-3.1260903000831606,0.2,1.1571319103240967,0.007660748,1390,-0.008862232182582374,0.25541454553604126,33.33506393432617,0.0666015625
629.0948771445546,0.3388420661737809,21.219056620473413,0.6603338775946426,0.995334370139969,1061.1565412945906,,,,,,,3.746005254983902,8.112203776e-06,-3.1263004705309867,0.2,1.1570616960525513,0.003150772,1400,-0.009549188194796443,0.7529643774032593,1.858748197555542,0.0111328125
105.3868706827052,0.31449403528956626,20.97841782227368,0.6524053060674164,0.9904761904761905,178.10664855640468,,,,,,,,,,,,,,,,,
,,,,,,798.48277437,3941,1437.85,144384,141,36,,,,,,,,,,,
,,,,,,798.48277437,3968,1437.85,145408,142,36,76.60231440067291,7.825115791360001e-06,-3.1261788308620453,0.2,1.1571035385131836,0.0014069017,1410,-0.001422244936111383,0.35399216413497925,14.283803939819336,0.00107421875
,,,,,,798.48277437,3996,1437.85,146432,143,36,10.84768971055746,7.543265443839999e-06,-3.126711790263653,0.2,1.1577237844467163,0.0040631797,1420,-0.0055897592377732504,0.6625761091709137,4.216204643249512,0.02509765625
,,,,,,798.48277437,4022,1437.85,147456,144,36,4.432905226945877,7.266652733439995e-06,-3.1276288449764253,0.2,1.1581329107284546,0.0037238458,1430,-0.00926890230330173,0.6710415482521057,1.6985310316085815,0.02158203125
,,,,,,798.48277437,4050,1437.85,148480,145,36,5.6156347028911116,6.99527766016e-06,-3.12836916744709,0.2,1.1585021018981934,0.0053598904,1440,-0.008958962754695677,0.6261817812919617,1.3703153133392334,0.08935546875
,,,,,,798.48277437,4077,1437.85,149504,146,36,9.482425458729267,6.7291402240000016e-06,-3.128930965065956,0.2,1.1588282585144043,0.0052104397,1450,-0.0061876272011431865,0.6610672175884247,3.0141613483428955,0.02373046875
3000.074827927863,0.3015975189820964,21.350212298175546,0.7168855241767729,6.631687242798354,4064.7409220823024,,,,,,,11.653713962435722,6.468240424960002e-06,-3.1293466299772263,0.2,1.1589527130126953,0.0059872433,1460,-0.0069032768849865535,0.6919277608394623,8.894404411315918,0.03466796875
,,,,,,839.0591316900001,4104,1493.89,150528,147,36,,,,,,,,,,,
725.4768534721807,0.29457837933967673,20.888056487981697,0.7328385322722285,1.2162162162162162,1104.3876681342483,,,,,,,38.88556807041168,6.21257826304e-06,-3.1294602528214455,0.2,1.1589633226394653,0.006576285,1470,-0.004701401799684391,0.19351059198379517,1.4088258743286133,0.0744140625
,,,,,,850.06688914,4131,1508.21,151552,148,36,,,,,,,,,,,
430.5932244579308,0.32919926626622975,21.626472156568248,0.6608972461602172,0.9839080459770115,713.1081286068743,,,,,,,50.796451568603516,5.962153738240002e-06,-3.1295463874936105,0.2,1.1590580940246582,0.00882359,1480,-0.007607011060463265,0.38057398796081543,6.205955982208252,0.054296875
,,,,,,857.08681172,4159,1518.19,152576,149,36,,,,,,,,,,,
,,,,,,857.08681172,4186,1518.19,153600,150,36,48.0400973752141,5.716966850559999e-06,-3.1297828420996665,0.2,1.159219741821289,0.0046919063,1490,-0.004631368901027599,0.3822229504585266,53.416046142578125,0.01826171875
,,,,,,857.08681172,4213,1518.19,154624,151,36,3.0814400985836983,5.477017599999999e-06,-3.1304556354880333,0.2,1.15986168384552,0.0059991865,1500,-0.01243286696553696,0.7723110169172287,1.0869941711425781,0.08193359375
,,,,,,857.08681172,4242,1518.19,155648,152,36,8.624484686553478,5.242305986559997e-06,-3.1311518430709837,0.2,1.1599867343902588,0.0034204535,1510,-0.00685644342447631,0.6808522045612335,3.6034364700317383,0.00537109375
,,,,,,857.08681172,4268,1518.19,156672,153,36,8.41182891279459,5.012832010239998e-06,-3.1312800988554956,0.2,1.1600466966629028,0.0045561297,1520,-0.005254247135599144,0.6257939040660858,3.212526559829712,0.04052734375
,,,,,,857.08681172,4296,1518.19,157696,154,36,3.9731248997151853,4.788595671040003e-06,-3.131463123857975,0.2,1.1602164506912231,0.0043730806,1530,-0.00455621028522728,0.6562399864196777,1.7429344654083252,0.01455078125
3000.335317643592,0.3011212566465782,21.0738456852172,0.7273293764830818,5.671232876712329,4409.070680240442,,,,,,,6.529509878158569,4.569596968960002e-06,-3.1318158119916917,0.2,1.1604735851287842,0.0044008233,1540,-0.005758911350858398,0.6939096748828888,5.607064723968506,0.03828125
,,,,,,901.0726607500001,4325,1577.8,158720,155,36,,,,,,,,,,,
,,,,,,901.0726607500001,4354,1577.8,159744,156,36,46.26408978104591,4.355835904000001e-06,-3.132131876051426,0.2,1.1605916023254395,0.00745051,1550,-0.005722648833761923,0.16693884134292603,8.144229888916016,0.06298828125
,,,,,,901.0726607500001,4382,1577.8,160768,157,36,8.025795815885067,4.14731247616e-06,-3.132258354127407,0.2,1.160642385482788,0.0034064008,1560,-0.004674743057694286,0.6621438562870026,3.946469783782959,0.020703125
,,,,,,901.0726607500001,4409,1577.8,161792,158,36,5.360033497214317,3.94402668544e-06,-3.1324184864759443,0.2,1.1607956886291504,0.004633019,1570,-0.004943189382902347,0.7849005162715912,2.6983742713928223,0.0107421875
,,,,,,901.0726607500001,4436,1577.8,162816,159,36,5.442492252588272,3.745978531839999e-06,-3.132691150903702,0.2,1.160917043685913,0.0051436266,1580,-0.00758106710127322,0.8324296176433563,2.2229812145233154,0.03427734375
2735.2792409390677,0.31068663742729724,20.83286837250915,0.7077782050393285,6.990990990990991,3918.967921302762,,,,,,,8.527592289447785,3.55316801536e-06,-3.1328926533460617,0.2,1.1610063314437866,0.00434386,1590,-0.0045030442619463425,0.6166262924671173,4.1878437995910645,0.01005859375
,,,,,,940.2884831300001,4463,1632.38,163840,160,36,,,,,,,,,,,
,,,,,,940.2884831300001,4492,1632.38,164864,161,36,52.052117021381854,3.3655951359999985e-06,-3.133000209927559,0.2,1.1610904932022095,0.00024376845,1600,-0.0016866056321305223,0.3376477360725403,46.07815933227539,0.0
557.0494315972319,0.31026408801122246,21.150230879935872,0.7186585509818364,0.9965397923875432,1025.5257522510806,,,,,,,4.647201544046402,3.183259893759998e-06,-3.1332489624619484,0.2,1.1613047122955322,0.0046690954,1610,-0.004752860617008992,0.7232702970504761,1.8153566122055054,0.010546875
,,,,,,950.4855929800001,4520,1645.87,165888,162,36,,,,,,,,,,,
,,,,,,950.4855929800001,4548,1645.87,166912,163,36,41.3271558880806,3.0061622886400013e-06,-3.133492001891136,0.2,1.1613458395004272,0.0027967463,1620,-0.0014035263273399323,0.5799776017665863,33.816871643066406,0.0009765625
,,,,,,950.4855929800001,4574,1645.87,167936,164,36,6.296348224580288,2.83430232064e-06,-3.1336763173341753,0.2,1.1615548133850098,0.00538239,1630,-0.0066353701520711185,0.7484883368015289,2.6053810119628906,0.04189453125
,,,,,,950.4855929800001,4602,1645.87,168960,165,36,6.911277814209461,2.6676799897600003e-06,-3.134013132750988,0.2,1.1617164611816406,0.0050450913,1640,-0.005383527529193089,0.7047149538993835,3.2148938179016113,0.0287109375
,,,,,,950.4855929800001,4629,1645.87,169984,166,36,7.31972708851099,2.5062952960000003e-06,-3.1341356948018073,0.2,1.1617119312286377,0.002954829,1650,-0.002203117399767507,0.7484965920448303,3.5385398864746094,0.0029296875
,,,,,,950.4855929800001,4657,1645.87,171008,167,36,3.578495253622532,2.3501482393599995e-06,-3.1342085719108583,0.2,1.1618409156799316,0.0041158153,1660,-0.005785790774098132,0.7977459579706192,1.4746698141098022,0.0287109375
3000.0976728315,0.3071968018046181,21.905178665569355,0.7222312625528545,5.8762278978389,4368.054675919664,,,,,,,5.384150499105454,2.1992388198399996e-06,-3.134414926171303,0.2,1.1619436740875244,0.002984994,1670,-0.0016176744655240327,0.8095130026340485,2.564377784729004,0.0021484375
,,,,,,994.1313936900001,4684,1705.46,172032,168,36,,,,,,,,,,,
,,,,,,994.1313936900001,4712,1705.46,173056,169,36,41.9041491985321,2.053567037439999e-06,-3.1345651775598524,0.2,1.162018060684204,0.0022167438,1680,-0.002483186103927437,0.2750464677810669,9.130581855773926,0.0005859375
,,,,,,994.1313936900001,4739,1705.46,174080,170,36,6.365484827756882,1.9131328921599984e-06,-3.1346961170434953,0.2,1.1620967388153076,0.0046288734,1690,-0.004168137673696037,0.6096149384975433,2.4217419624328613,0.0142578125
1759.682371743722,0.31341018919198,22.397712556711408,0.6846868848214028,4.990536277602524,2349.160701822233,,,,,,,8.63689786195755,1.777936384000002e-06,-3.13482109606266,0.2,1.1621837615966797,0.0020254608,1700,-0.00225561217230279,0.5346430540084839,2.4327728748321533,0.00068359375
,,,,,,1017.5024926699999,4766,1738.7,175104,171,36,,,,,,,,,,,
,,,,,,1017.5024926699999,4792,1738.7,176128,172,36,51.42577760219574,1.6479775129600012e-06,-3.1349199414253235,0.2,1.1622062921524048,0.0021371646,1710,-0.0014356323139509187,0.32263845205307007,11.76676082611084,0.00048828125
,,,,,,1017.5024926699999,4819,1738.7,177152,173,36,6.1561468526721,1.5232562790400005e-06,-3.1349446177482605,0.2,1.1622073650360107,0.0038996085,1720,-0.0034376216615783052,0.6747391521930695,2.3272275924682617,0.010546875
,,,,,,1017.5024926699999,4845,1738.7,178176,174,36,5.619010366499424,1.4037726822400002e-06,-3.134918436408043,0.2,1.1621806621551514,0.00083676283,1730,-0.0017834134210716,0.7674848884344101,2.4939892292022705,9.765625e-05
,,,,,,1017.5024926699999,4871,1738.7,179200,175,36,4.748931775987148,1.28952672256e-06,-3.1349487856030462,0.2,1.1622591018676758,0.0050125774,1740,-0.0037210418777249288,0.7462438941001892,2.506118059158325,0.016015625
2765.655873890035,0.3135777646778777,22.415228077955806,0.6856537601121079,6.984126984126984,3376.8447685521314,,,,,,,6.791239430010319,1.1805183999999998e-06,-3.135072137415409,0.2,1.1623218059539795,0.0015383246,1750,-0.002065139418118633,0.6287848949432373,3.000502109527588,0.000390625
,,,,,,1051.2211030199999,4899,1787.19,180224,176,36,,,,,,,,,,,
483.09412208851427,0.30003211578896266,21.787252407736876,0.7141504772503555,1.9886792452830189,633.4514733210654,,,,,,,58.06737961173057,1.0767477145599992e-06,-3.1351328060030936,0.2,1.1623324155807495,0.00031314994,1760,-0.0005332589469617232,0.32141828536987305,13.121472358703613,0.0
,,,,,,1057.50470269,4927,1795.26,181248,177,36,,,,,,,,,,,
,,,,,,1057.50470269,4954,1795.26,182272,178,36,50.475797072052956,9.78214666239999e-07,-3.135162112116814,0.2,1.1623553037643433,0.00045002182,1770,-0.0010030852135969326,0.36308640241622925,13.346424102783203,0.0
,,,,,,1057.50470269,4981,1795.26,183296,179,36,8.356478588283062,8.849192550400013e-07,-3.1352076917886733,0.2,1.1623926162719727,4.4976594e-05,1780,-0.0005755902624514419,0.7004419267177582,1.7859230041503906,0.0
1382.305882469518,0.30730476592692185,21.629067974798524,0.718324896540352,2.9934959349593497,2198.7925083100176,,,,,,,2.7971585765480995,7.968614809600005e-07,-3.135248266160488,0.2,1.1623997688293457,0.00021872448,1790,-0.0013619546429254115,0.8354476392269135,0.8024078607559204,0.0
,,,,,,1079.45588778,5008,1825.04,184320,180,36,,,,,,,,,,,
,,,,,,1079.45588778,5034,1825.04,185344,181,36,47.689482162892816,7.140413440000005e-07,-3.1352645739912988,0.2,1.1624144315719604,0.00034760905,1800,-0.0006482290657004342,0.43616628646850586,37.57779312133789,0.0
,,,,,,1079.45588778,5063,1825.04,186368,182,36,6.835131086409092,6.3645884416e-07,-3.1352844297885896,0.2,1.1624186038970947,0.0051256088,1810,-0.004393288443679921,0.6829067468643188,2.588047504425049,0.0150390625
,,,,,,1079.45588778,5092,1825.04,187392,183,36,7.026838794350624,5.6411398144e-07,-3.1352815210819243,0.2,1.1624186038970947,0.0017702614,1820,-0.002882416576903779,0.6087697744369507,2.3717827796936035,0.0
,,,,,,1079.45588778,5119,1825.04,188416,184,36,5.102968864142895,4.970067558399997e-07,-3.135296630859375,0.2,1.1624363660812378,0.0005258063,1830,-0.0006854631996247917,0.7441884875297546,2.186098575592041,0.0
,,,,,,1079.45588778,5147,1825.04,189440,185,36,6.3599195465445515,4.351371673599998e-07,-3.13531481474638,0.2,1.1624369621276855,0.00018872396,1840,-0.00055649851783528,0.7380987107753754,3.107996702194214,0.0
3000.0589824605267,0.30258476951680907,21.398056771994394,0.7256256714768755,5.205882352941177,4599.015505820437,,,,,,,5.017855146527291,3.785052159999995e-07,-3.135333201289177,0.2,1.1624599695205688,0.0005164544,1850,-0.0007949566963361577,0.7181963324546814,2.0281927585601807,0.0
,,,,,,1125.42653302,5174,1887.52,190464,186,36,,,,,,,,,,,
,,,,,,1125.42653302,5200,1887.52,191488,187,36,50.050168585777286,3.2711090175999937e-07,-3.1353563755750655,0.2,1.1624631881713867,5.0888455e-05,1860,-0.00014374603488249705,0.26925820112228394,3.481853485107422,0.0
876.7452883878723,0.2958457178221017,21.278750317468077,0.7507782691227033,1.9957356076759063,1508.313542667511,,,,,,,4.640713860839606,2.809542246400004e-07,-3.1353617370128632,0.2,1.1624690294265747,2.2424094e-05,1870,-0.0001863010344095528,0.7721671313047409,1.5952012538909912,0.0
,,,,,,1140.46033268,5227,1907.01,192512,188,36,,,,,,,,,,,
,,,,,,1140.46033268,5256,1907.01,193536,189,36,49.20037883520126,2.400351846400002e-07,-3.1353754878044127,0.2,1.162477970123291,5.33766e-05,1880,-0.00023515418361057526,0.4941614270210266,37.189430236816406,0.0
,,,,,,1140.46033268,5284,1907.01,194560,190,36,6.182339690625668,2.0435378176000005e-07,-3.135383415222168,0.2,1.1624770164489746,0.00043878186,1890,-0.0009835970704443753,0.7938164174556732,2.9027230739593506,0.0
1720.2409213453066,0.30330264573076066,21.080517918821762,0.7319131377970841,4.989473684210527,2256.4882038284104,,,,,,,8.513468603789807,1.7391001599999998e-07,-3.1353873521089555,0.2,1.162485122680664,5.3209253e-05,1900,-0.00021072183299111202,0.6103836596012115,4.112936973571777,0.0
,,,,,,1162.9011765799999,5312,1936.29,195584,191,36,,,,,,,,,,,
,,,,,,1162.9011765799999,5339,1936.29,196608,192,36,54.14922414124012,1.4870388735999993e-07,-3.1353986456990244,0.2,1.1624891757965088,2.234534e-06,1910,-4.530771402642131e-05,0.4881075620651245,28.961496353149414,0.0
,,,,,,1162.9011765799999,5366,1936.29,197632,193,36,6.768357938528061,1.287353958399999e-07,-3.1354126259684563,0.2,1.1625020503997803,2.1199521e-05,1920,-0.00019503272196743637,0.744134247303009,4.46376371383667,0.0
1519.314429398626,0.30560058528888573,21.4207598108742,0.7250023144968651,2.997134670487106,2317.107397131981,,,,,,,3.6790256574749947,1.140045414399999e-07,-3.1354311525821688,0.2,1.1625100374221802,4.1490654e-05,1930,-0.00030070232169236987,0.8592636585235596,1.774627685546875,0.0
,,,,,,1185.9438274499998,5395,1966.98,198656,194,36,,,,,,,,,,,
317.99046820169315,0.3149566539531241,20.66938434955144,0.7089213084703304,0.984375,590.5314499557852,,,,,,,51.49414903223514,1.0451132415999993e-07,-3.1354395255446432,0.2,1.1625113487243652,5.6691933e-06,1940,-5.1075081864837556e-05,0.48956120014190674,21.329071044921875,0.0
,,,,,,1191.81472077,5423,1974.68,199680,195,36,,,,,,,,,,,
,,,,,,1191.81472077,5450,1974.68,200704,196,36,42.67080779522657,1.00255744e-07,-3.13544085919857,0.2,1.1625120639801025,1.5151221e-05,1950,-0.00013016780721955,0.5540679395198822,27.135330200195312,0.0
